sample,tax_id,tax_name,tax_rank,N_reads,N_alignments,MAP_damage,MAP_significance,mean_L,mean_GC,MAP_A,MAP_q,MAP_phi,MAP_c,MAP_rho_Ac,MAP_valid,std_L,std_GC,tax_path,MAP_damage_std,MAP_q_std,MAP_phi_std,MAP_A_std,MAP_c_std,N_x=1_forward,N_x=1_reverse,N_sum_total,N_sum_forward,N_sum_reverse,N_min,k_sum_total,k_sum_forward,k_sum_reverse,non_CT_GA_damage_frequency_mean,non_CT_GA_damage_frequency_std,var_L,var_GC,k+1,k+2,k+3,k+4,k+5,k+6,k+7,k+8,k+9,k+10,k+11,k+12,k+13,k+14,k+15,N+1,N+2,N+3,N+4,N+5,N+6,N+7,N+8,N+9,N+10,N+11,N+12,N+13,N+14,N+15,f+1,f+2,f+3,f+4,f+5,f+6,f+7,f+8,f+9,f+10,f+11,f+12,f+13,f+14,f+15,MAP_rho_Ac_abs,log_N_reads,log_N_alignments,log_MAP_phi,log_k_sum_total,log_N_sum_total,forward_only,forward_only_str,size
Lola,93762,s__Lactobacillus phage Dionysus___GCA_003665785.1,species,7532,7533,0.16118405759334564,12.33951187133789,52.06094,0.362088,0.16118405759334564,0.37944623827934265,1869.601806640625,0.008382692001760006,0.06754709035158157,True,7.451291700101399,0.0690941386804988,"93762:s__Lactobacillus phage Dionysus___GCA_003665785.1:""species""	15230:g__Harbinvirus:""genus""	3074:f__Herelleviridae:""family""	948:o__Caudovirales:""order""	286:c__Caudoviricetes:""class""	41:p__Uroviricota:""phylum""	21:k__Heunggongvirae:""kingdom""	9:l__Duplodnaviria:""lineage""	3:d__Viruses:""domain""	1:root:""no rank""",0.013062434270977974,0.026560649275779724,1002.1171264648438,0.0112396739423275,0.0014513797359541059,1374,,20580,20580,,1327,753,753,,0.0023982785642147064,0.0010578185319900513,55.521748,0.004774,231,146,114,52,41,38,20,21,12,16,12,15,11,9,15,1374,1334,1414,1339,1388,1364,1412,1389,1367,1327,1411,1371,1365,1335,1390,0.1681222766637802,0.10944527387619019,0.0806223452091217,0.03883495181798935,0.02953890524804592,0.027859237045049667,0.014164306223392487,0.015118790790438652,0.008778346702456474,0.012057271786034107,0.008504606783390045,0.010940918698906898,0.008058608509600163,0.006741573102772236,0.010791366919875145,0.06754709035158157,3.8769679674325848,3.877025615867249,3.2719812393188477,2.877371345869774,4.313466472658235,True,Forward only!,86.78709581498853
