sample,tax_id,tax_name,tax_rank,N_reads,N_alignments,MAP_damage,MAP_significance,mean_L,mean_GC,MAP_A,MAP_q,MAP_phi,MAP_c,MAP_rho_Ac,MAP_valid,std_L,std_GC,tax_path,MAP_damage_std,MAP_q_std,MAP_phi_std,MAP_A_std,MAP_c_std,N_x=1_forward,N_x=1_reverse,N_sum_total,N_sum_forward,N_sum_reverse,N_min,k_sum_total,k_sum_forward,k_sum_reverse,non_CT_GA_damage_frequency_mean,non_CT_GA_damage_frequency_std,var_L,var_GC,k+1,k+2,k+3,k+4,k+5,k+6,k+7,k+8,k+9,k+10,k+11,k+12,k+13,k+14,k+15,N+1,N+2,N+3,N+4,N+5,N+6,N+7,N+8,N+9,N+10,N+11,N+12,N+13,N+14,N+15,f+1,f+2,f+3,f+4,f+5,f+6,f+7,f+8,f+9,f+10,f+11,f+12,f+13,f+14,f+15,MAP_rho_Ac_abs,log_N_reads,log_N_alignments,log_MAP_phi,log_k_sum_total,log_N_sum_total,forward_only,forward_only_str,size
Lola,113774,s__Mycobacterium leprae,species,351323,351358,0.16647207736968994,34.786529541015625,51.506119,0.569545,0.16647207736968994,0.400184690952301,6446.36376953125,0.00655085826292634,0.0909312292933464,True,7.728871521768233,0.07560423268574319,"113774:s__Mycobacterium leprae:""species""	9550:g__Mycobacterium:""genus""	3121:f__Mycobacteriaceae:""family""	990:o__Mycobacteriales:""order""	302:c__Actinomycetia:""class""	54:p__Actinobacteriota:""phylum""	23:k__Bacteria:""kingdom""	10:l__Bacteria:""lineage""	4:d__Bacteria:""domain""	1:root:""no rank""",0.004785532597452402,0.009721094742417336,2651.072265625,0.004181035328656435,0.00045934959780424833,100572,,1517432,1517432,,100572,51776,51776,,0.00039491383358836174,0.0001314132969127968,59.735455,0.005716,17540,10667,6672,4174,2827,2007,1418,1241,920,831,788,696,710,644,641,100572,101051,100827,100777,101262,101175,101020,101853,100631,101222,101602,101084,101372,101801,101183,0.1744024157524109,0.1055605560541153,0.06617274880409241,0.041418179869651794,0.027917679399251938,0.019836915656924248,0.014036823995411396,0.01218422595411539,0.009142312221229076,0.008209677413105965,0.00775575265288353,0.0068853627890348434,0.007003906182944775,0.006326067727059126,0.006335056386888027,0.0909312292933464,5.545707818768803,5.5457510823937355,3.809382200241089,4.714136883464824,6.181109524542905,True,Forward only!,592.7250627398845
